,pas_role,pas_auth_state,pas_age,pas_edu_type,pas_is_student_verify,phone_price,driver_grade,dri_gender,dri_age,driving_age,dri_power_type,dri_car_age,est_dis,est_price_amt,est_arrive_dur,est_arrive_dis,respontime,waittime,est_dur,dri_huji_province_num,pas_phone_province_num,pas_phone_city_num,dri_huji_city_num,pas_gender,pas_reg_days,scene_l2_new_num,dri_car_level_num,is_holiday,c2d_label,d2c_label,in_c2d_0,in_c2d_1,in_c2d_2,in_c2d_3,in_c2d_4,in_c2d_5,in_d2c_0,in_d2c_1,in_d2c_2,in_d2c_3,in_d2c_4,in_d2c_5,out_d2c_0,out_d2c_1,out_d2c_2,out_d2c_3,out_d2c_4,out_d2c_5,out_c2d_0,out_c2d_1,out_c2d_2,out_c2d_3,out_c2d_4,out_c2d_5,dri_check_level_num,dri_phone_price
792772,1.0,6.0,36.0,0.0,0.0,6999.0,2,1.0,53.0,7238.0,2.0,303.0,4069.0,1553.0,71.0,279.0,2.0,81.0,824.0,21,18,388,338,1,3661,6,8,0,0,0,0.0,0.2857142857142857,0.5714285714285714,0.2857142857142857,0.5714285714285714,0.5714285714285714,0.0,0.0,0.5,0.5,0.5,0.5,0.0,0.0,0.0,0.0,0.0,0.0,0.0,0.25,0.5,0.25,0.5,0.5,0,1999.0
494586,1.0,2.0,36.0,0.0,0.0,7999.0,0,1.0,31.0,3147.0,2.0,1637.0,11980.0,3545.0,559.0,2121.0,26.0,607.0,1270.0,33,18,388,243,0,3670,6,10,1,0,0,0.0,0.0,0.0,0.0,0.0,0.0,0.0,0.0,0.3076923076923077,0.0,0.3076923076923077,0.3846153846153846,0.0,0.0,0.0,0.0,0.0,0.0,0.0,0.0,0.0,0.0,0.0,0.0,0,1999.0
7041410,1.0,0.0,36.0,0.0,0.0,1000.0,0,1.0,36.0,5589.0,2.0,561.0,16621.0,5046.0,398.0,1483.0,3.0,244.0,1714.0,14,31,229,71,1,67,12,10,0,1,1,0.0,1.0,1.0,1.0,1.0,1.0,0.0,0.0298507462686567,0.0671641791044776,0.1119402985074626,0.0671641791044776,0.0671641791044776,0.0,0.0,0.0,0.0,0.0,0.0,0.0,0.5,0.5,0.5,0.5,0.5,0,1999.0
5063136,1.0,2.0,29.0,0.0,0.0,7999.0,0,1.0,48.0,5310.0,6.0,1261.0,8900.0,3110.0,98.0,554.0,3.0,138.0,2006.0,18,18,388,317,1,2109,4,10,0,0,0,0.0,0.875,0.75,0.75,0.75,0.75,0.0,0.0,0.0,0.0,0.0,0.0,0.0,0.0,0.1111111111111111,0.1111111111111111,0.1111111111111111,0.1111111111111111,0.0,0.7777777777777778,0.6666666666666666,0.6666666666666666,0.6666666666666666,0.6666666666666666,0,1999.0
4080807,1.0,2.0,28.0,0.0,0.0,1000.0,3,1.0,33.0,5414.0,1.0,910.0,2859.0,1300.0,84.0,339.0,3.0,136.0,594.0,14,21,51,472,0,2699,5,11,1,1,-1,0.0,0.0,0.0,0.0,0.0,0.0,0.0,0.0032362459546925,0.0032362459546925,0.0032362459546925,0.9352750809061487,0.0032362459546925,0.0,0.0,0.0,0.0,-0.5714285714285714,0.1428571428571428,0.0,0.0,0.0,0.0,0.0,0.0,0,1999.0
1454714,1.0,2.0,40.0,0.0,0.0,2199.0,0,1.0,38.0,3222.0,2.0,935.0,2759.0,1493.0,317.0,1325.0,6.0,388.0,453.0,14,18,388,165,0,3275,4,10,0,1,-1,0.0,0.0,0.0,0.0,0.0,0.0,0.0,0.0,0.0,0.6666666666666666,0.3333333333333333,0.0,0.0,0.0,0.0,0.0,0.0,0.0,0.0,0.0,0.0,0.0,0.0,0.0,0,1999.0
5991097,1.0,2.0,23.0,0.0,0.0,6499.0,0,1.0,42.0,7920.0,2.0,0.0,3049.0,1270.0,49.0,431.0,3.0,171.0,730.0,5,18,388,61,0,1316,0,10,0,-1,1,0.0,0.0,0.0,0.0,0.0,0.0,0.0,0.0,0.5263157894736842,0.5263157894736842,0.0,0.3157894736842105,0.0,0.0,0.0,0.0,0.0,0.0,0.0,0.0,0.0,0.0,0.0,0.0,0,1999.0
6021007,1.0,0.0,68.0,0.0,0.0,9999.0,0,1.0,59.0,8036.0,2.0,612.0,12968.0,3640.0,179.0,709.0,3.0,256.0,1684.0,14,31,229,472,1,1188,4,10,1,1,1,0.0,0.0,0.0,0.0,0.0,0.0,0.0163043478260869,0.0,0.9565217391304348,0.967391304347826,0.9456521739130436,0.967391304347826,0.0,0.0,0.0,0.0,0.0,0.0,0.0,0.0,0.0,0.0,0.0,0.0,0,1999.0
3720377,1.0,2.0,32.0,0.0,0.0,9999.0,0,1.0,60.0,6399.0,2.0,1226.0,8478.0,2420.0,490.0,2435.0,8.0,571.0,932.0,18,18,461,388,0,2790,4,10,0,1,1,0.0,0.9861111111111112,0.9722222222222222,0.9583333333333334,0.9861111111111112,1.0,0.0,0.0,0.0,0.0,0.0,0.0,0.0,0.0,0.0136986301369863,0.0136986301369863,0.0136986301369863,0.0136986301369863,0.0,0.9726027397260274,0.958904109589041,0.9452054794520548,0.9726027397260274,0.9863013698630136,0,1999.0
5925312,1.0,0.0,28.0,0.0,0.0,1000.0,0,1.0,60.0,4337.0,2.0,367.0,1931.0,1270.0,370.0,2040.0,7.0,512.0,421.0,14,31,229,71,0,1362,4,10,0,1,-1,0.0,0.0,0.0,0.0,0.0,0.0,0.0038535645472061,0.0057803468208092,0.2716763005780346,0.8940269749518305,0.0500963391136801,0.0385356454720616,0.0,0.0,0.5,0.0,0.0,0.0,0.0,0.0,0.0,0.0,0.0,0.0,0,1999.0
87332,1.0,2.0,32.0,0.0,0.0,5999.0,2,1.0,37.0,4907.0,2.0,682.0,27921.0,8646.0,365.0,2050.0,3.0,739.0,2036.0,20,4,389,131,1,3923,12,8,1,-1,1,0.0,0.0,0.0,0.0,0.0,0.0,0.03125,0.25,0.25,0.4375,0.21875,0.25,0.0,0.0,0.0,0.0,0.0,0.0,0.0,0.0,0.0,0.0,0.0,0.0,0,1999.0
1818905,1.0,2.0,37.0,0.0,0.0,999.0,3,1.0,39.0,4169.0,1.0,2625.0,4486.0,1939.0,181.0,1339.0,3.0,310.0,2066.0,9,18,388,236,1,3230,2,11,0,0,0,0.0,0.0,0.0,0.0,0.0,0.0,0.0714285714285714,0.0714285714285714,0.0714285714285714,0.0714285714285714,0.0714285714285714,0.0714285714285714,0.0,0.0,0.0,0.0,0.0,0.0,0.0,0.0,0.0,0.0,0.0,0.0,0,1999.0
1256604,1.0,2.0,43.0,0.0,0.0,5999.0,0,1.0,36.0,6539.0,2.0,1017.0,15610.0,4513.0,875.0,4891.0,397.0,1410.0,1909.0,14,29,118,472,1,3527,9,10,1,0,0,0.0,0.0,0.0,0.0,0.0,0.0,0.0,0.0,0.0,0.0,0.0,0.0,0.0,0.0,0.0,0.5,0.0,0.0,0.0,0.0,0.0,0.0,0.0,0.0,0,1999.0
1421002,1.0,2.0,38.0,0.0,0.0,2799.0,2,1.0,42.0,2160.0,2.0,1690.0,18955.0,4560.0,163.0,1410.0,2.0,221.0,1836.0,5,18,388,337,1,3397,12,8,0,-1,-1,0.0,0.0,0.0,0.0,0.0,0.0,0.0,0.0,0.0,0.0,0.0,0.0384615384615384,0.0,0.0,0.0,0.0,0.0,0.0,0.0,0.0,0.0,0.0,0.0,0.0,0,1999.0
4969360,1.0,0.0,25.0,0.0,0.0,6000.0,4,1.0,56.0,6735.0,1.0,1274.0,14071.0,5026.0,98.0,932.0,3.0,171.0,2040.0,14,33,135,280,0,2108,12,15,0,-1,-1,0.0,0.0,0.0,0.0,0.0,0.0,0.1,0.0,0.0,0.1,0.2,0.1,0.0,0.0,0.0,0.0,0.0,0.0,0.0,0.0,0.0,0.0,0.0,0.0,0,1999.0
5984256,1.0,2.0,23.0,0.0,0.0,1000.0,3,0.0,51.0,11125.0,1.0,1192.0,5674.0,3189.0,98.0,628.0,262.0,508.0,1324.0,18,18,388,388,0,1275,0,11,0,1,-1,0.0,0.0,0.0,0.0,0.0,0.0,0.0,0.0,0.0109890109890109,0.0109890109890109,0.9010989010989012,0.0,0.0,0.0,0.0,0.0,-0.5,0.0,0.0,0.0,0.0,0.0,0.0,0.0,0,1999.0
1254411,1.0,2.0,38.0,0.0,0.0,2199.0,0,1.0,34.0,3354.0,2.0,794.0,15179.0,3891.0,358.0,1720.0,8.0,352.0,2018.0,23,20,255,283,1,3483,6,10,0,1,1,0.0,0.0,0.0,0.0,0.0,0.0,0.0,0.0,0.0103806228373702,0.0103806228373702,0.0103806228373702,0.0103806228373702,0.0,0.0,0.0,0.0,0.0,0.0,0.0,0.0,0.0,0.0,0.0,0.0,0,1999.0
1442478,1.0,2.0,25.0,2.0,0.0,1199.0,0,1.0,36.0,3987.0,2.0,708.0,22344.0,5842.0,628.0,3558.0,4.0,641.0,3476.0,15,25,404,34,0,3461,9,10,0,-1,1,0.0,0.0,0.0,0.0,0.0,0.0,0.0,0.0,0.0,0.3,0.0,0.1,0.0,0.0,0.0,0.0,0.0,0.0,0.0,0.0,0.0,0.0,0.0,0.0,0,1999.0
133461,1.0,2.0,54.0,0.0,0.0,5499.0,2,1.0,37.0,1933.0,2.0,442.0,37745.0,9478.0,361.0,2175.0,3.0,406.0,600.0,21,18,388,338,1,3804,6,8,0,1,-1,0.0,0.0,0.0,0.0,0.0,0.0,0.0,0.3333333333333333,0.6666666666666666,0.6666666666666666,0.0,0.0,0.0,0.0,0.0,0.0,0.0,0.0,0.0,0.0,0.0,0.0,0.0,0.0,0,1999.0
6673519,1.0,0.0,54.0,0.0,0.0,3999.0,0,1.0,53.0,3509.0,2.0,1173.0,10400.0,3090.0,201.0,897.0,2.0,202.0,1613.0,21,31,229,115,1,1653,4,10,0,-1,1,0.0,0.0,0.0,0.0,0.0,0.0,0.0,0.0,0.0,0.0,0.0,0.0,0.0,-0.5,-0.5,-0.5,-0.5,-0.5,0.0,0.0,0.0,0.0,0.0,0.0,0,1999.0
3802832,1.0,2.0,34.0,0.0,0.0,5499.0,0,1.0,55.0,8420.0,6.0,1066.0,2546.0,1260.0,116.0,608.0,1.0,323.0,386.0,18,33,420,388,0,2716,7,10,0,0,0,0.0,0.0,0.0,0.0,0.0,0.0,0.0,0.0,0.0,0.0,0.0,1.0,0.0,0.0,0.0,0.0,0.0,0.0,0.0,0.0,0.0,0.0,0.0,0.0,0,1999.0
2730023,1.0,2.0,39.0,0.0,0.0,2498.0,0,1.0,44.0,7976.0,2.0,755.0,2903.0,1320.0,256.0,1046.0,2.0,294.0,365.0,18,18,388,388,0,3178,12,10,0,0,0,0.0,0.0,0.0,0.0,0.0,0.0,0.0068965517241379,0.0206896551724137,0.3379310344827586,0.4482758620689655,0.1586206896551724,0.3517241379310344,0.0,0.0,0.0,0.0,0.0,0.0,0.0,0.0,0.0,0.0,0.0,0.0,0,1999.0
630761,1.0,2.0,47.0,0.0,0.0,6000.0,3,1.0,53.0,8484.0,1.0,484.0,6211.0,2849.0,5.0,39.0,3.0,40.0,1095.0,18,12,481,388,1,3803,12,11,0,1,-1,0.0,0.0,0.0,0.0,0.0,0.0,0.0,0.0,0.0062111801242236,0.0062111801242236,0.5031055900621118,0.0062111801242236,0.0,0.0,0.0,0.0,0.0,0.0,0.0,0.0,0.0,0.0,0.0,0.0,0,1999.0
840277,1.0,2.0,32.0,0.0,0.0,8999.0,0,0.0,46.0,2195.0,2.0,448.0,101667.0,34022.0,119.0,969.0,1.0,418.0,5596.0,21,22,449,18,0,3560,12,10,0,-1,1,0.0,0.0,0.0,0.0,0.0,0.0,0.0,0.0,0.0,0.0196078431372549,0.0,0.0,0.0,0.0,0.0,0.0,0.0,0.0,0.0,0.0,0.0,0.0,0.0,0.0,0,1999.0
1437712,1.0,2.0,53.0,0.0,0.0,9599.0,3,1.0,53.0,10637.0,1.0,2733.0,6883.0,3383.0,103.0,747.0,4.0,361.0,1512.0,15,18,388,303,1,3283,4,11,0,1,-1,0.0,0.0,0.0,0.0,0.0,0.0,0.0,0.0,0.0,0.0,1.0,0.0,0.0,0.0,0.0,0.0,0.0,0.0,0.0,0.0,0.0,0.0,0.0,0.0,0,1999.0
5800381,1.0,2.0,20.0,0.0,0.0,1000.0,0,1.0,36.0,4999.0,2.0,700.0,11100.0,3084.0,254.0,1934.0,2.0,706.0,1722.0,21,18,207,18,0,1540,7,10,1,-1,-1,0.0,0.0,0.0,0.0,0.0,0.0,0.0,0.0,0.0,0.0555555555555555,0.0,0.0,0.0,0.0,0.0,0.0,0.0,0.0,0.0,0.0,0.0,0.0,0.0,0.0,0,1999.0
1044163,1.0,2.0,29.0,2.0,0.0,7999.0,2,1.0,55.0,7961.0,2.0,779.0,3836.0,1450.0,197.0,1328.0,2.0,190.0,564.0,18,18,388,388,1,3364,4,8,0,1,1,0.0,0.5,0.4444444444444444,0.8333333333333334,0.8333333333333334,0.5,0.0,0.0,0.0,0.0,0.0,0.0,0.0,0.0,0.0,0.0,0.0,0.0,0.0,0.4736842105263157,0.4210526315789473,0.7894736842105263,0.7894736842105263,0.4736842105263157,0,1999.0
2285594,1.0,2.0,28.0,2.0,0.0,7999.0,0,1.0,39.0,3272.0,2.0,1130.0,2854.0,1270.0,55.0,333.0,4.0,116.0,467.0,28,18,388,269,1,3202,4,10,0,-1,1,0.0,0.0,0.0,0.0,1.0,0.0,0.0,0.0,0.0341880341880341,0.1196581196581196,0.0512820512820512,0.017094017094017,0.0,0.0,0.0,0.0,0.0,0.0,0.0,0.0,0.0,0.0,0.5,0.0,0,1999.0
1366577,1.0,2.0,31.0,0.0,0.0,7999.0,0,1.0,39.0,2866.0,6.0,1284.0,3814.0,1550.0,201.0,933.0,3.0,209.0,601.0,4,18,388,95,1,3356,4,10,1,-1,-1,0.0,0.0,1.0,0.0,1.0,0.0,0.0,0.0,0.0,0.5555555555555556,0.0,0.3333333333333333,0.0,0.0,0.0,0.0,0.0,0.0,0.0,0.0,0.5,0.0,0.5,0.0,0,1999.0
5685900,1.0,2.0,56.0,0.0,0.0,1000.0,2,1.0,43.0,5463.0,2.0,870.0,4323.0,1256.0,245.0,1131.0,3.0,369.0,699.0,14,18,388,71,0,1661,4,8,1,-1,1,0.0,1.0,0.0,0.0,0.0,0.0,0.0,0.0,0.0267379679144385,0.1657754010695187,0.0,0.3368983957219251,0.0,0.0,0.0,0.0,0.0,0.0,0.0,0.5,0.0,0.0,0.0,0.0,0,1999.0
3476226,1.0,2.0,36.0,0.0,0.0,4999.0,2,1.0,54.0,4347.0,2.0,280.0,11472.0,3061.0,469.0,3132.0,13.0,302.0,1125.0,25,16,345,84,1,2930,13,8,0,1,1,0.0,0.6666666666666666,0.8888888888888888,0.8888888888888888,0.7777777777777778,0.8888888888888888,0.0,0.0,0.125,0.0,0.0,0.0,0.0,0.0,0.1,0.1,0.1,0.1,0.0,0.6,0.8,0.8,0.7,0.8,0,1999.0
1958219,1.0,2.0,28.0,0.0,0.0,7999.0,2,0.0,45.0,4384.0,2.0,133.0,1219.0,1390.0,122.0,508.0,3.0,346.0,232.0,12,10,251,257,0,3378,11,8,0,-1,-1,0.0,0.0,0.0,0.0,1.0,1.0,0.0118343195266272,0.1755424063116371,0.2209072978303747,0.6824457593688363,0.0374753451676528,0.5424063116370809,0.0,-0.5,-0.5,-0.5,0.0,-0.5,0.0,0.0,0.0,0.0,-0.5,-0.5,0,1999.0
4015989,1.0,2.0,23.0,0.0,1.0,7999.0,2,1.0,28.0,3439.0,2.0,1140.0,8844.0,2679.0,66.0,414.0,15.0,306.0,1627.0,23,18,388,422,0,2647,12,8,0,-1,1,0.0,0.0,0.5,0.0,0.0,0.0,0.0,0.0,0.0,0.0,0.0,0.0,0.0,0.0,0.4,0.4,0.4,0.4,0.0,0.0,0.4,0.0,0.0,0.0,0,1999.0
6639913,1.0,0.0,25.0,0.0,0.0,1000.0,2,1.0,40.0,5653.0,1.0,2489.0,2613.0,1270.0,123.0,472.0,2.0,154.0,400.0,21,31,229,484,0,1864,0,8,0,1,-1,0.0,0.0,0.0,0.0,0.0,0.0,0.0,0.0756880733944954,0.0412844036697247,0.8944954128440367,0.036697247706422,0.8715596330275229,0.0,0.0,0.0,0.0,0.0,0.0,0.0,0.0,0.0,0.0,0.0,0.0,0,1999.0
1374207,1.0,2.0,31.0,0.0,0.0,2999.0,3,1.0,40.0,8071.0,1.0,875.0,1696.0,1333.0,205.0,1121.0,12.0,259.0,326.0,14,22,197,26,1,3331,6,11,0,1,-1,0.0,0.0,0.0,0.0,0.0,0.0,0.0,0.0,0.0,0.0,0.8333333333333334,0.0,0.0,0.0,0.0,0.0,0.0,0.0,0.0,0.0,0.0,0.0,0.0,0.0,0,1999.0
628660,1.0,2.0,38.0,0.0,0.0,7999.0,4,1.0,37.0,4165.0,1.0,575.0,3043.0,1300.0,94.0,229.0,5.0,131.0,805.0,18,18,388,81,1,3764,4,15,0,1,-1,0.0,0.0,0.0,0.0,0.0,0.0,0.0,0.0012953367875647,0.0,0.0012953367875647,0.966321243523316,0.0012953367875647,0.0,0.0,0.6666666666666666,0.6666666666666666,0.3333333333333333,0.3333333333333333,0.0,0.0,0.0,0.0,0.0,0.0,0,1999.0
1608565,1.0,2.0,44.0,0.0,0.0,5499.0,4,1.0,57.0,8233.0,1.0,208.0,8811.0,3484.0,47.0,326.0,3.0,589.0,1302.0,14,18,388,26,1,3247,7,15,1,-1,-1,0.0,0.0,0.0,0.0,0.0,0.0,0.0,0.0,0.0,0.0,0.6666666666666666,0.0,0.0,0.0,0.0,0.0,0.0,0.0,0.0,0.0,0.0,0.0,0.0,0.0,0,1999.0
867930,1.0,2.0,30.0,0.0,0.0,7999.0,0,1.0,53.0,12453.0,2.0,451.0,15942.0,4323.0,277.0,1340.0,15.0,328.0,2067.0,34,18,388,196,0,3523,4,10,0,0,0,0.0,0.0,0.0,0.0,0.0,0.0,0.0,0.0,0.7142857142857143,0.8571428571428571,0.6428571428571429,0.7857142857142857,0.0,0.0,0.0,0.0,0.0,0.0,0.0,0.0,0.0,0.0,0.0,0.0,0,1999.0
4031909,1.0,2.0,24.0,0.0,0.0,5999.0,0,1.0,37.0,3572.0,2.0,1201.0,3945.0,1428.0,169.0,853.0,1.0,179.0,417.0,14,18,207,121,0,2665,0,10,1,1,-1,0.0,0.0,0.0,0.0,0.0,0.0,0.0,0.3333333333333333,0.3333333333333333,0.6666666666666666,0.3333333333333333,0.3333333333333333,0.0,0.0,0.0,0.0,0.0,0.0,0.0,0.0,0.0,0.0,0.0,0.0,0,1999.0
7053598,1.0,0.0,38.0,0.0,0.0,1000.0,3,1.0,39.0,7044.0,1.0,2123.0,4620.0,1967.0,132.0,589.0,4.0,174.0,556.0,18,18,388,388,0,100,11,11,1,1,-1,0.0,0.0,0.0,0.0,0.0,0.0,0.0,0.0,0.0,0.0,0.559322033898305,0.0,0.0,0.0,0.0,0.0,0.0,0.0,0.0,0.0,0.0,0.0,0.0,0.0,0,1999.0
128013,1.0,2.0,52.0,0.0,0.0,9999.0,2,1.0,51.0,6735.0,2.0,0.0,3947.0,1554.0,157.0,1133.0,4.0,485.0,590.0,14,18,388,280,1,3828,6,8,1,0,0,0.0,0.5,0.5,0.5,1.0,0.5,0.0,0.0,0.0,0.0,0.0,0.0,0.0,0.0,0.0,0.0,0.0,0.0,0.0,0.3333333333333333,0.3333333333333333,0.3333333333333333,0.6666666666666666,0.3333333333333333,0,1999.0
2551026,1.0,2.0,31.0,0.0,0.0,5999.0,0,1.0,28.0,2597.0,2.0,1037.0,4003.0,1447.0,225.0,1389.0,2.0,145.0,446.0,28,18,207,269,0,3256,6,10,0,0,0,0.0,0.0,0.0,1.0,0.0,0.0,0.0,0.0,0.0344827586206896,0.0344827586206896,0.0,0.0,0.0,0.0,0.0,0.0,0.0,0.0,0.0,0.0,0.0,0.5,0.0,0.0,0,1999.0
1079817,1.0,2.0,45.0,0.0,0.0,5999.0,0,1.0,30.0,3833.0,2.0,451.0,26589.0,6746.0,480.0,2163.0,3.0,495.0,1414.0,21,3,238,173,1,3563,12,10,0,-1,1,0.0,0.0,0.0,0.0,0.0,0.0,0.0,0.0,0.0,0.0769230769230769,0.0,0.0384615384615384,0.0,0.0,0.0,0.0,0.0,0.0,0.0,0.0,0.0,0.0,0.0,0.0,0,1999.0
2741760,1.0,0.0,28.0,0.0,0.0,1999.0,0,1.0,38.0,2703.0,2.0,1015.0,14334.0,3825.0,217.0,1540.0,4.0,332.0,843.0,18,18,388,388,0,3071,12,10,0,-1,1,0.0,0.0,0.6666666666666666,0.3333333333333333,0.3333333333333333,0.3333333333333333,0.0,0.0,0.0,0.032258064516129,0.0,0.0,0.0,0.0,0.25,0.25,0.25,0.25,0.0,0.0,0.5,0.25,0.25,0.25,0,1999.0
450456,1.0,2.0,30.0,0.0,0.0,7999.0,0,1.0,54.0,6988.0,2.0,632.0,4904.0,1694.0,82.0,323.0,4.0,109.0,703.0,21,18,388,51,0,3702,4,10,0,1,-1,0.0,0.0,0.0,0.0,0.0,0.0,0.0357142857142857,0.1071428571428571,0.0357142857142857,0.2857142857142857,0.0714285714285714,0.1428571428571428,0.0,0.0,0.0,0.0,0.0,0.0,0.0,0.0,0.0,0.0,0.0,0.0,0,1999.0
2671613,1.0,2.0,41.0,0.0,0.0,1799.0,2,1.0,47.0,8438.0,2.0,2153.0,3205.0,1305.0,365.0,1978.0,12.0,405.0,331.0,18,18,388,388,1,3156,11,8,0,0,0,0.0,0.0,0.3333333333333333,0.0,0.0,0.0,0.0,0.0,0.0,0.0,0.0,0.0,0.0,0.0,0.25,0.25,0.25,0.25,0.0,0.0,0.25,0.0,0.0,0.0,0,1999.0
6189094,1.0,2.0,28.0,0.0,0.0,1000.0,0,1.0,37.0,4379.0,1.0,2725.0,3232.0,1305.0,27.0,149.0,1.0,130.0,359.0,21,31,229,18,0,925,6,10,1,1,-1,0.0,0.0,0.0,0.0,0.0,0.0,0.0038986354775828,0.9239766081871345,0.9395711500974658,0.9317738791423,0.9395711500974658,0.925925925925926,0.0,0.0,0.0,0.0,0.0,0.0,0.0,0.0,0.0,0.0,0.0,0.0,0,1999.0
2497763,1.0,2.0,29.0,0.0,0.0,7999.0,4,1.0,37.0,4165.0,1.0,575.0,12329.0,4670.0,47.0,289.0,2.0,169.0,1072.0,18,11,83,81,0,3256,0,15,1,1,-1,0.0,1.0,1.0,1.0,1.0,1.0,0.0,0.0011350737797956,0.0,0.0011350737797956,0.9693530079455164,0.0011350737797956,0.0,0.0,0.0,0.0,0.0,0.0,0.0,0.5,0.5,0.5,0.5,0.5,0,1999.0
69861,1.0,2.0,38.0,0.0,0.0,5999.0,0,1.0,30.0,4068.0,2.0,1074.0,2381.0,1300.0,184.0,985.0,3.0,303.0,535.0,22,18,388,391,0,3920,4,10,1,1,1,0.0,0.1538461538461538,0.2307692307692307,0.2692307692307692,0.3076923076923077,0.1923076923076923,0.0,0.0,0.0,0.0,0.0,0.0,0.0,0.0,0.037037037037037,0.037037037037037,0.037037037037037,0.037037037037037,0.0,0.1481481481481481,0.2222222222222222,0.2592592592592592,0.2962962962962963,0.1851851851851851,0,1999.0
6566123,1.0,2.0,25.0,0.0,0.0,9299.0,0,1.0,43.0,5855.0,2.0,543.0,2431.0,1270.0,1.0,5.0,1.0,59.0,346.0,21,14,2,173,1,79,5,10,0,1,1,0.0,0.0,0.0,0.0,0.0,0.0,0.0416666666666666,0.0138888888888888,0.1527777777777778,0.3611111111111111,0.0416666666666666,0.4027777777777778,0.0,0.0,0.0,0.0,0.0,0.0,0.0,0.0,0.0,0.0,0.0,0.0,0,1999.0
1469593,1.0,2.0,40.0,0.0,0.0,1498.0,0,1.0,35.0,3071.0,2.0,1297.0,5723.0,2036.0,120.0,838.0,1.0,163.0,642.0,18,18,388,207,0,3353,4,10,0,0,0,0.0,0.0,0.0,0.0,0.0,0.0,0.0,0.0,0.1666666666666666,0.1666666666666666,0.0,0.0,0.0,0.0,0.3333333333333333,0.0,0.3333333333333333,0.3333333333333333,0.0,0.0,0.0,0.0,0.0,0.0,0,1999.0
964858,1.0,2.0,55.0,0.0,0.0,6999.0,3,1.0,28.0,3369.0,1.0,695.0,25413.0,9165.0,11.0,54.0,1.0,60.0,1933.0,14,0,168,472,0,3452,6,11,0,1,-1,0.0,0.0,0.0,0.0,0.0,0.0,0.0,0.0,0.0,0.0,0.8333333333333334,0.0,0.0,0.0,0.0,0.0,-0.5,0.0,0.0,0.0,0.0,0.0,0.0,0.0,0,1999.0
6194322,1.0,0.0,22.0,0.0,0.0,1000.0,0,1.0,41.0,1219.0,2.0,451.0,8753.0,2670.0,243.0,1766.0,3.0,254.0,203.0,21,31,229,338,1,1006,10,10,1,1,-1,0.0,0.0,0.0,0.0,0.0,0.0,0.0,0.0,0.0,0.1428571428571428,0.0,0.0714285714285714,0.0,0.0,0.0,0.0,0.0,0.0,0.0,0.0,0.0,0.0,0.0,0.0,0,1999.0
4512781,1.0,2.0,23.0,0.0,0.0,6999.0,0,1.0,47.0,3710.0,2.0,149.0,8383.0,2702.0,379.0,1831.0,23.0,360.0,1566.0,9,9,57,313,0,2592,4,10,1,-1,1,0.0,0.0,1.0,0.0,0.0,1.0,0.0,0.0,0.0,0.0,0.0,0.0,0.0,0.0,-0.3333333333333333,-0.6666666666666666,-0.3333333333333333,-0.3333333333333333,0.0,0.0,-0.6666666666666666,0.0,0.0,-0.6666666666666666,0,1999.0
380932,1.0,2.0,53.0,0.0,0.0,5499.0,5,1.0,48.0,6812.0,1.0,2173.0,13379.0,6577.0,249.0,1516.0,3.0,393.0,2848.0,18,3,238,81,0,3822,1,13,0,1,-1,0.0,0.0,0.0,0.0,0.0,0.0,0.0,0.0,0.1827956989247312,0.2150537634408602,0.0,0.6021505376344086,0.0,0.0,0.0,0.0,0.0,0.0,0.0,0.0,0.0,0.0,0.0,0.0,2,1999.0
932866,1.0,2.0,37.0,0.0,0.0,7999.0,2,1.0,35.0,0.0,2.0,0.0,3971.0,1445.0,110.0,1008.0,3.0,228.0,425.0,6,18,388,229,1,3460,6,8,1,1,-1,0.0,0.0,0.0,0.0,0.0,0.0,0.0,0.0,0.1666666666666666,0.1666666666666666,0.0,0.1666666666666666,0.0,0.0,0.0,0.0,0.0,0.0,0.0,0.0,0.0,0.0,0.0,0.0,0,1999.0
2215883,1.0,2.0,43.0,0.0,0.0,1598.0,5,1.0,44.0,5218.0,2.0,805.0,7500.0,4684.0,12.0,68.0,1.0,400.0,929.0,14,34,256,280,1,3262,12,13,0,1,-1,0.0,0.0,0.0,0.0,0.0,0.0,0.0,0.0,0.2307692307692307,0.1153846153846153,0.1538461538461538,0.6153846153846154,0.0,0.0,0.0,0.0,0.0,0.0,0.0,0.0,0.0,0.0,0.0,0.0,0,1999.0
6654212,1.0,2.0,17.0,0.0,0.0,1000.0,3,1.0,51.0,6706.0,1.0,806.0,4042.0,1850.0,209.0,939.0,3.0,202.0,597.0,18,18,388,388,1,1612,6,11,1,1,-1,0.0,0.0,0.0,0.0,0.0,0.0,0.0,0.0,0.0,0.0,0.5,0.0,0.0,0.0,0.0,0.0,0.0,0.0,0.0,0.0,0.0,0.0,0.0,0.0,0,1999.0
6367121,3.0,0.0,38.0,0.0,0.0,1000.0,0,1.0,41.0,4089.0,6.0,1460.0,7804.0,2492.0,115.0,433.0,2.0,63.0,768.0,23,31,229,341,1,498,1,10,0,0,0,0.0,0.0,0.0,0.0,0.0,0.0,0.0,0.0,0.0,0.0135135135135135,0.009009009009009,0.027027027027027,0.0,0.0,0.0,0.0,0.0,0.0,0.0,0.0,0.0,0.0,0.0,0.0,0,1999.0
507940,1.0,2.0,53.0,0.0,0.0,8999.0,0,1.0,33.0,2955.0,2.0,176.0,16112.0,4107.0,204.0,1086.0,2.0,241.0,1850.0,9,18,388,247,0,3849,4,10,0,0,0,0.0,0.0,0.0,1.0,1.0,1.0,0.0,0.0,0.0222222222222222,0.0222222222222222,0.0222222222222222,0.0222222222222222,0.0,0.0,0.0,0.0,0.0,0.0,0.0,0.0,0.0,0.5,0.5,0.5,0,1999.0
4183760,1.0,2.0,30.0,0.0,0.0,5199.0,0,1.0,50.0,7084.0,7.0,1760.0,18251.0,4897.0,233.0,1081.0,2.0,234.0,2134.0,21,18,461,51,0,2561,4,10,1,0,0,0.0,0.0,0.0,0.0,0.0,0.0,0.6666666666666666,0.0,0.0,0.0,0.0,0.0,0.0,0.0,0.5,0.5,0.5,0.5,0.0,0.0,0.0,0.0,0.0,0.0,0,1999.0
4435842,3.0,0.0,34.0,0.0,0.0,1000.0,0,1.0,34.0,3705.0,2.0,2156.0,28228.0,7132.0,345.0,1730.0,7.0,367.0,2452.0,23,31,229,422,1,2470,9,10,0,-1,1,0.0,0.0,1.0,0.0,0.0,0.0,0.0,0.0,0.0,0.0,0.0,0.0,0.0,0.0,0.0,-0.5,0.0,0.0,0.0,0.0,-0.5,0.0,0.0,0.0,0,1999.0
5109375,1.0,2.0,24.0,0.0,0.0,9999.0,2,1.0,32.0,1878.0,2.0,373.0,13041.0,3780.0,493.0,2503.0,86.0,562.0,1655.0,14,11,462,472,0,2139,7,8,0,-1,1,0.0,0.5,0.5,0.5,0.5,0.5,0.0,0.0,0.238095238095238,0.1904761904761904,0.1904761904761904,0.0952380952380952,0.0,0.0,-0.3333333333333333,0.0,0.0,0.0,0.0,0.3333333333333333,0.3333333333333333,0.3333333333333333,0.3333333333333333,0.3333333333333333,0,1999.0
3643397,1.0,2.0,32.0,0.0,0.0,8499.0,0,1.0,41.0,5107.0,2.0,793.0,32932.0,10111.0,132.0,682.0,7.0,255.0,2249.0,14,1,159,472,0,2927,6,10,1,-1,1,0.0,0.0,0.0,0.0,1.0,0.0,0.0,0.0,0.0,0.0,0.0,0.0,0.0,0.0,0.0,0.0,0.0,0.0,0.0,0.0,0.0,0.0,0.5,0.0,0,1999.0
5614085,1.0,2.0,24.0,0.0,1.0,5999.0,0,1.0,42.0,5463.0,2.0,1569.0,6230.0,2106.0,527.0,2848.0,5.0,415.0,894.0,18,31,229,461,0,1620,4,10,0,1,-1,0.0,0.0,0.0,0.0,0.0,0.0,0.0,0.0,0.0476190476190476,0.3333333333333333,0.0,0.5238095238095238,0.0,0.0,0.0,0.0,0.0,0.0,0.0,0.0,0.0,0.0,0.0,0.0,0,1999.0
6704092,1.0,0.0,38.0,0.0,0.0,9999.0,0,1.0,33.0,4325.0,2.0,371.0,2181.0,1498.0,76.0,277.0,2.0,196.0,707.0,21,18,388,49,0,1231,1,10,0,1,1,0.0,0.0,0.0,0.0,0.0,0.0,0.0,0.0,0.0,0.032258064516129,0.0,0.0,0.0,0.0,0.5,0.5,0.5,0.5,0.0,0.0,0.0,0.0,0.0,0.0,0,1999.0
2481831,1.0,2.0,41.0,0.0,0.0,2999.0,3,1.0,50.0,6721.0,1.0,870.0,3249.0,1991.0,183.0,734.0,13.0,196.0,628.0,21,18,461,18,1,3111,9,11,0,0,0,0.0,0.0,0.0,0.0,0.0,0.0,0.0,0.0,0.0,0.0,0.1666666666666666,0.0,0.0,0.0,0.0,0.0,0.0,0.0,0.0,0.0,0.0,0.0,0.0,0.0,0,1999.0
5886155,1.0,0.0,46.0,0.0,0.0,9299.0,0,1.0,50.0,6447.0,2.0,408.0,6770.0,2123.0,387.0,1768.0,3.0,500.0,907.0,23,12,481,422,0,1478,4,10,0,-1,1,0.0,0.5,0.5,1.0,0.5,0.5,0.0,0.0,0.0303030303030303,0.0303030303030303,0.0303030303030303,0.0303030303030303,0.0,0.0,0.0,0.0,0.0,0.0,0.0,0.3333333333333333,0.3333333333333333,0.6666666666666666,0.3333333333333333,0.3333333333333333,0,1999.0
6390189,1.0,2.0,22.0,0.0,0.0,9999.0,1,0.0,44.0,8022.0,2.0,1163.0,21212.0,7353.0,36.0,52.0,3.0,88.0,3188.0,18,31,229,366,1,360,6,10,1,-1,1,0.0,0.0,0.0,0.0,0.0,0.0,0.0,0.0,0.0416666666666666,0.1666666666666666,0.0,0.0,0.0,0.0,0.0,0.0,0.0,0.0,0.0,0.0,0.0,0.0,0.0,0.0,0,1999.0
5352783,1.0,0.0,30.0,0.0,0.0,9999.0,0,1.0,29.0,2992.0,2.0,1128.0,5321.0,1995.0,211.0,899.0,3.0,109.0,1034.0,18,18,207,388,0,1983,9,10,0,0,0,0.0,0.0,1.0,1.0,1.0,1.0,0.0,0.0666666666666666,0.0,0.2333333333333333,0.0,0.0666666666666666,0.0,0.0,0.0,0.0,0.0,0.0,0.0,0.0,0.5,0.5,0.5,0.5,0,1999.0
1508926,1.0,2.0,38.0,0.0,0.0,9999.0,0,1.0,36.0,5111.0,2.0,707.0,4054.0,1573.0,274.0,1288.0,1.0,109.0,525.0,29,34,196,385,1,3339,4,10,1,-1,1,0.0,0.0,0.0,0.0,0.0,0.0,0.0,0.0,0.0,0.1176470588235294,0.0,0.0,0.0,0.0,0.0,0.0,0.0,0.0,0.0,0.0,0.0,0.0,0.0,0.0,0,1999.0
5300001,1.0,2.0,29.0,0.0,0.0,9999.0,0,1.0,41.0,8634.0,2.0,200.0,20399.0,5100.0,397.0,732.0,18.0,1016.0,2396.0,18,12,481,388,1,2085,12,10,0,-1,1,0.0,0.0,0.5,0.0,0.0,0.0,0.0,0.0142857142857142,0.0,0.0142857142857142,0.0,0.0,0.0,0.0,-0.3333333333333333,0.0,0.0,0.0,0.0,0.0,0.3333333333333333,0.0,0.0,0.0,0,1999.0
3044882,1.0,2.0,52.0,0.0,0.0,5888.0,0,1.0,37.0,5646.0,2.0,673.0,39633.0,10748.0,120.0,426.0,3.0,254.0,3199.0,18,8,442,111,1,2940,12,10,0,0,0,0.0,0.0,0.0,0.0,0.0,0.0,0.0,0.0,0.0,0.0333333333333333,0.0,0.0,0.0,0.0,0.0,0.0,0.0,0.0,0.0,0.0,0.0,0.0,0.0,0.0,0,1999.0
4855384,1.0,0.0,17.0,0.0,0.0,6000.0,0,1.0,40.0,6225.0,2.0,95.0,2751.0,1402.0,381.0,1335.0,4.0,274.0,1053.0,18,10,499,317,0,2290,9,10,0,-1,1,0.0,0.0,0.0,0.0,0.0,0.0,0.0,0.00125,0.00125,0.0075,0.0,0.00375,0.0,0.0,0.0,0.0,0.0,0.0,0.0,0.0,0.0,0.0,0.0,0.0,0,1999.0
538116,1.0,2.0,41.0,0.0,0.0,5999.0,2,1.0,60.0,2486.0,2.0,0.0,10014.0,2845.0,109.0,602.0,2.0,162.0,1082.0,14,18,388,359,1,3718,9,8,1,-1,1,0.0,0.0,0.0,0.0,0.3333333333333333,0.0,0.0,0.0,0.0,0.0,0.0,0.0,0.0,0.0,0.25,0.25,0.25,0.0,0.0,0.0,0.0,0.0,0.25,0.0,0,1999.0
1775082,1.0,0.0,33.0,0.0,0.0,8388.0,0,1.0,33.0,4365.0,2.0,596.0,3029.0,1320.0,111.0,528.0,2.0,66.0,529.0,14,18,388,405,1,3236,9,10,0,-1,1,0.0,0.0,0.0,0.0,0.0,0.0,0.0,0.0,0.0,0.0,0.0,0.0,0.0,0.0,0.0,-0.5,0.0,0.0,0.0,0.0,0.0,0.0,0.0,0.0,0,1999.0
6768102,1.0,0.0,38.0,0.0,0.0,1000.0,3,1.0,44.0,7434.0,1.0,169.0,27491.0,10375.0,243.0,1105.0,3.0,570.0,2765.0,21,31,229,338,1,409,7,11,0,0,0,0.0,0.0,0.0,0.0,0.0,0.0,0.0,0.0,0.1666666666666666,0.1666666666666666,0.1666666666666666,0.1666666666666666,0.0,0.0,0.0,0.5,0.0,0.0,0.0,0.0,0.0,0.0,0.0,0.0,0,1999.0
6121250,3.0,0.0,56.0,0.0,0.0,1000.0,0,1.0,26.0,1925.0,2.0,495.0,11214.0,3051.0,214.0,852.0,2.0,169.0,1322.0,28,31,229,296,0,1125,6,10,0,-1,1,0.0,0.0,0.0,0.0,0.0,0.0,0.0,0.0,0.0,0.0,0.0,0.0,0.0,0.0,0.3333333333333333,0.0,0.3333333333333333,0.3333333333333333,0.0,0.0,0.0,0.0,0.0,0.0,0,1999.0
6703912,1.0,2.0,22.0,2.0,0.0,3999.0,0,1.0,43.0,6226.0,2.0,1047.0,10474.0,3035.0,306.0,2629.0,59.0,419.0,1390.0,14,31,229,16,0,1324,6,10,1,-1,1,0.0,0.0,0.0,0.0,0.0,0.0,0.0,0.0625,0.0625,0.1875,0.0,0.0,0.0,0.0,0.0,0.0,0.0,0.0,0.0,0.0,0.0,0.0,0.0,0.0,0,1999.0
5140318,1.0,2.0,25.0,0.0,0.0,1000.0,2,1.0,34.0,4193.0,2.0,884.0,34392.0,9203.0,264.0,1175.0,5.0,288.0,3402.0,14,15,20,16,1,2176,0,8,0,-1,1,0.0,0.0,0.0,0.0,0.0,0.0,0.0,0.1111111111111111,0.1111111111111111,0.1111111111111111,0.1111111111111111,0.1111111111111111,0.0,0.0,0.0,0.0,0.0,0.0,0.0,0.0,0.0,0.0,0.0,0.0,0,1999.0
4838886,1.0,2.0,38.0,0.0,0.0,7999.0,0,0.0,32.0,3605.0,2.0,561.0,11621.0,3278.0,223.0,1166.0,1.0,252.0,53.0,9,18,388,431,1,2344,11,10,1,-1,1,0.0,0.0,0.0,0.0,0.0,0.0,0.0,0.0,0.0357142857142857,0.1428571428571428,0.0357142857142857,0.0,0.0,0.0,0.0,0.0,0.0,0.0,0.0,0.0,0.0,0.0,0.0,0.0,0,1999.0
1642918,1.0,2.0,64.0,0.0,0.0,4999.0,0,1.0,35.0,2782.0,2.0,238.0,5573.0,2306.0,224.0,1375.0,25.0,320.0,1359.0,14,18,388,280,0,3403,4,10,0,0,0,0.0,0.4,0.6,1.0,1.0,1.0,0.0,0.0,0.0,0.0,0.0,0.0,0.0,0.0,0.0,0.0,0.0,0.0,0.0,0.3333333333333333,0.5,0.8333333333333334,0.8333333333333334,0.8333333333333334,0,1999.0
578418,1.0,0.0,34.0,0.0,0.0,1399.0,0,0.0,31.0,2242.0,2.0,877.0,25387.0,7769.0,38.0,155.0,1.0,230.0,2811.0,18,0,168,388,0,3788,6,10,0,0,0,0.0,0.0,0.0,0.0,0.0,0.0,0.0,0.0,0.0092592592592592,0.037037037037037,0.0,0.0092592592592592,0.0,0.0,0.0,0.0,0.0,0.0,0.0,0.0,0.0,0.0,0.0,0.0,0,1999.0
435817,1.0,2.0,39.0,0.0,0.0,5999.0,3,1.0,54.0,10892.0,1.0,849.0,7260.0,3984.0,137.0,561.0,4.0,286.0,1739.0,14,18,388,121,1,3752,4,11,0,0,0,0.0,0.0,0.0,0.0,0.0,0.0,0.0,0.0185185185185185,0.0,0.0,0.7962962962962963,0.0,0.0,0.0,0.0,0.0,0.0,0.0,0.0,0.0,0.0,0.0,0.0,0.0,0,1999.0
4088161,1.0,0.0,28.0,0.0,0.0,1000.0,3,1.0,55.0,12523.0,1.0,575.0,1341.0,1423.0,27.0,227.0,2.0,124.0,275.0,18,28,475,388,0,2654,6,11,0,1,-1,0.0,0.0,0.0,0.0,0.0,0.0,0.0,0.0,0.0,0.0,0.5,0.0,0.0,0.0,0.0,0.0,0.0,0.0,0.0,0.0,0.0,0.0,0.0,0.0,0,1999.0
3975026,1.0,0.0,62.0,0.0,0.0,1000.0,5,1.0,35.0,4999.0,2.0,707.0,9516.0,4660.0,223.0,1114.0,3.0,229.0,1212.0,14,34,196,165,0,2771,11,13,0,1,-1,0.0,0.0,0.0,0.0,0.0,0.0,0.0,0.0,0.025,0.35,0.0,0.625,0.0,0.0,0.0,0.0,0.0,0.0,0.0,0.0,0.0,0.0,0.0,0.0,0,1999.0
3624044,1.0,2.0,26.0,0.0,0.0,3499.0,0,1.0,54.0,3243.0,2.0,1072.0,13325.0,3445.0,92.0,576.0,1.0,135.0,1371.0,14,18,388,280,1,2885,4,10,0,0,0,0.0,0.0,0.0,0.0,0.0,0.0,0.0,0.0393700787401574,0.3543307086614173,0.7165354330708661,0.2440944881889764,0.4015748031496063,0.0,0.0,0.6666666666666666,0.6666666666666666,0.3333333333333333,0.6666666666666666,0.0,0.0,0.0,0.0,0.0,0.0,0,1999.0
3137118,1.0,0.0,70.0,0.0,0.0,1000.0,2,0.0,45.0,4589.0,2.0,0.0,2642.0,1270.0,3.0,39.0,13.0,44.0,310.0,18,18,388,388,1,3069,10,8,0,0,0,0.0,0.0,0.5,0.0,0.5,0.5,0.0,0.0,0.0,0.0,0.0,0.0,0.0,0.0,0.3333333333333333,0.0,0.0,0.0,0.0,0.0,0.3333333333333333,0.0,0.3333333333333333,0.3333333333333333,0,1999.0
3127314,1.0,2.0,52.0,0.0,0.0,7999.0,4,1.0,33.0,4984.0,1.0,168.0,4790.0,2655.0,107.0,501.0,2.0,189.0,961.0,14,18,388,26,1,2980,4,15,0,1,-1,0.0,0.0,0.0,0.0,0.0,0.0,0.0,0.0512820512820512,0.0,0.0384615384615384,0.7051282051282052,0.0,0.0,0.0,0.3333333333333333,0.3333333333333333,0.0,0.3333333333333333,0.0,0.0,0.0,0.0,0.0,0.0,0,1999.0
4523904,1.0,2.0,25.0,0.0,0.0,5499.0,0,1.0,31.0,3234.0,2.0,539.0,2284.0,1270.0,204.0,957.0,3.0,271.0,399.0,18,18,207,137,1,2509,6,10,1,0,0,0.0,0.4,0.6,0.0,0.0,0.0,0.0,0.12,0.08,0.12,0.08,0.08,0.0,0.0,0.0,0.0,0.0,0.0,0.0,0.3333333333333333,0.5,0.0,0.0,0.0,0,1999.0
6983047,1.0,0.0,27.0,0.0,0.0,7999.0,0,1.0,53.0,8925.0,2.0,751.0,2547.0,816.0,116.0,549.0,1.0,116.0,426.0,18,18,388,388,0,92,3,10,0,0,0,0.0,0.0,0.0,0.0,1.0,0.0,0.0,0.0,0.0,0.0,0.0,0.0,0.0,0.0,0.0,0.0,0.0,0.0,0.0,0.0,0.0,0.0,0.5,0.0,0,1999.0
4007024,1.0,2.0,36.0,0.0,0.0,2699.0,2,0.0,35.0,0.0,2.0,0.0,5953.0,1981.0,230.0,1133.0,1.0,333.0,893.0,6,18,461,229,1,2657,3,8,0,1,-1,0.0,0.0,1.0,1.0,1.0,1.0,0.0,0.0,0.0,0.8823529411764706,0.0,0.5588235294117647,0.0,0.0,0.0,0.0,0.0,0.0,0.0,0.0,0.5,0.5,0.5,0.5,0,1999.0
3369045,1.0,2.0,30.0,0.0,0.0,7999.0,0,1.0,23.0,1577.0,2.0,577.0,5996.0,2071.0,338.0,2536.0,101.0,964.0,1015.0,14,18,388,353,1,3009,4,10,0,-1,1,0.0,0.0,0.0,0.3333333333333333,0.3333333333333333,0.6666666666666666,0.0,0.0,0.0,0.0,0.0,0.0,0.0,0.0,0.0,0.0,0.0,0.0,0.0,0.0,0.0,0.25,0.25,0.5,0,1999.0
6699933,1.0,2.0,24.0,0.0,1.0,1000.0,0,1.0,45.0,4533.0,2.0,892.0,3442.0,1340.0,257.0,1308.0,3.0,255.0,641.0,29,4,130,148,1,1526,1,10,1,1,-1,0.0,0.0,0.0,0.0,0.0,0.0,0.0,0.0186219739292365,0.1173184357541899,0.1564245810055866,0.1154562383612663,0.1340782122905028,0.0,0.0,0.0,0.0,0.0,0.0,0.0,0.0,0.0,0.0,0.0,0.0,0,1999.0
386672,1.0,0.0,33.0,0.0,0.0,5999.0,1,1.0,47.0,5380.0,6.0,1650.0,5571.0,2731.0,54.0,430.0,2.0,174.0,925.0,14,18,388,280,1,3690,0,10,0,0,0,0.0,0.0,0.0,0.0,0.0,0.0,0.0,0.0,0.0,0.0588235294117647,0.0,0.0,0.0,0.0,0.0,0.0,0.0,0.0,0.0,0.0,0.0,0.0,0.0,0.0,0,1999.0
4963148,1.0,2.0,22.0,0.0,0.0,5388.0,3,1.0,57.0,10522.0,1.0,500.0,6468.0,3045.0,539.0,3086.0,96.0,746.0,1541.0,14,18,388,472,1,2309,3,11,0,0,0,0.0,1.0,1.0,1.0,1.0,1.0,0.0,0.0,0.0,0.0,0.0,0.0,0.0,0.0,0.0,0.0,0.0,0.0,0.0,0.5,0.5,0.5,0.5,0.5,0,1999.0
1539483,1.0,2.0,26.0,2.0,0.0,8999.0,3,1.0,51.0,8745.0,1.0,683.0,1165.0,770.0,255.0,1186.0,13.0,164.0,148.0,18,18,366,388,1,3274,13,11,0,1,-1,0.0,0.0,0.0,0.0,0.0,0.0,0.0,0.0,0.0,0.0,0.9823151125401928,0.0,0.0,0.0,0.0,0.0,0.0,0.0,0.0,0.0,0.0,0.0,0.0,0.0,0,1999.0
2612104,1.0,6.0,50.0,0.0,0.0,11999.0,0,1.0,55.0,6932.0,2.0,899.0,10938.0,3039.0,888.0,5626.0,963.0,1486.0,1023.0,18,18,388,388,1,3218,10,10,0,0,0,0.0,0.5,0.5,0.0,0.5,0.0,0.0,0.0,0.0,0.0,0.0,1.0,0.0,0.0,0.0,0.0,0.0,0.0,0.0,0.3333333333333333,0.3333333333333333,0.0,0.3333333333333333,0.0,0,1999.0
1642969,1.0,6.0,51.0,0.0,0.0,2399.0,0,1.0,29.0,4019.0,2.0,568.0,4202.0,1602.0,93.0,332.0,1.0,176.0,288.0,18,18,388,137,1,3317,0,10,0,-1,-1,0.0,0.0,0.0,0.0,0.0,0.0,0.0,0.0,0.0,0.1875,0.0,0.125,0.0,0.0,0.5,0.5,0.5,0.5,0.0,0.0,0.0,0.0,0.0,0.0,0,1999.0
2958228,1.0,2.0,26.0,1.0,0.0,8999.0,2,1.0,42.0,4796.0,2.0,1106.0,3498.0,1425.0,350.0,1452.0,5.0,491.0,543.0,21,18,461,381,0,3082,1,8,0,-1,1,0.0,0.5,0.5,0.5,0.5,0.5,0.0,0.0,0.0,0.1272727272727272,0.0,0.0,0.0,0.0,0.3333333333333333,0.0,0.0,0.0,0.0,0.3333333333333333,0.3333333333333333,0.3333333333333333,0.3333333333333333,0.3333333333333333,0,1999.0
